statistic,year,sex,age,unit,value
Mean Annual Earnings,2011,Male,15 - 24 years,Euro,18900
Mean Annual Earnings,2011,Male,15 years and over,Euro,45781
Mean Annual Earnings,2011,Male,25 - 29 years,Euro,31135
Mean Annual Earnings,2011,Male,30 - 39 years,Euro,44439
Mean Annual Earnings,2011,Male,40 - 49 years,Euro,55690
Mean Annual Earnings,2011,Male,50 - 59 years,Euro,54603
Mean Annual Earnings,2011,Male,60 years and over,Euro,41581
Mean Annual Earnings,2011,Female,15 - 24 years,Euro,17085
Mean Annual Earnings,2011,Female,15 years and over,Euro,33733
Mean Annual Earnings,2011,Female,25 - 29 years,Euro,29464
Mean Annual Earnings,2011,Female,30 - 39 years,Euro,37293
Mean Annual Earnings,2011,Female,40 - 49 years,Euro,37203
Mean Annual Earnings,2011,Female,50 - 59 years,Euro,34940
Mean Annual Earnings,2011,Female,60 years and over,Euro,25021
Mean Annual Earnings,2012,Male,15 - 24 years,Euro,18314
Mean Annual Earnings,2012,Male,15 years and over,Euro,45452
Mean Annual Earnings,2012,Male,25 - 29 years,Euro,30655
Mean Annual Earnings,2012,Male,30 - 39 years,Euro,43501
Mean Annual Earnings,2012,Male,40 - 49 years,Euro,55395
Mean Annual Earnings,2012,Male,50 - 59 years,Euro,54330
Mean Annual Earnings,2012,Male,60 years and over,Euro,40450
Mean Annual Earnings,2012,Female,15 - 24 years,Euro,16357
Mean Annual Earnings,2012,Female,15 years and over,Euro,33806
Mean Annual Earnings,2012,Female,25 - 29 years,Euro,28830
Mean Annual Earnings,2012,Female,30 - 39 years,Euro,37055
Mean Annual Earnings,2012,Female,40 - 49 years,Euro,37609
Mean Annual Earnings,2012,Female,50 - 59 years,Euro,35102
Mean Annual Earnings,2012,Female,60 years and over,Euro,24468
Mean Annual Earnings,2013,Male,15 - 24 years,Euro,18291
Mean Annual Earnings,2013,Male,15 years and over,Euro,45511
Mean Annual Earnings,2013,Male,25 - 29 years,Euro,30546
Mean Annual Earnings,2013,Male,30 - 39 years,Euro,43088
Mean Annual Earnings,2013,Male,40 - 49 years,Euro,55315
Mean Annual Earnings,2013,Male,50 - 59 years,Euro,54237
Mean Annual Earnings,2013,Male,60 years and over,Euro,40921
Mean Annual Earnings,2013,Female,15 - 24 years,Euro,16031
Mean Annual Earnings,2013,Female,15 years and over,Euro,34058
Mean Annual Earnings,2013,Female,25 - 29 years,Euro,28536
Mean Annual Earnings,2013,Female,30 - 39 years,Euro,36941
Mean Annual Earnings,2013,Female,40 - 49 years,Euro,38118
Mean Annual Earnings,2013,Female,50 - 59 years,Euro,35361
Mean Annual Earnings,2013,Female,60 years and over,Euro,25148
Mean Annual Earnings,2014,Male,15 - 24 years,Euro,18643
Mean Annual Earnings,2014,Male,15 years and over,Euro,45933
Mean Annual Earnings,2014,Male,25 - 29 years,Euro,31088
Mean Annual Earnings,2014,Male,30 - 39 years,Euro,43238
Mean Annual Earnings,2014,Male,40 - 49 years,Euro,55498
Mean Annual Earnings,2014,Male,50 - 59 years,Euro,54725
Mean Annual Earnings,2014,Male,60 years and over,Euro,41383
Mean Annual Earnings,2014,Female,15 - 24 years,Euro,16181
Mean Annual Earnings,2014,Female,15 years and over,Euro,34331
Mean Annual Earnings,2014,Female,25 - 29 years,Euro,28537
Mean Annual Earnings,2014,Female,30 - 39 years,Euro,36924
Mean Annual Earnings,2014,Female,40 - 49 years,Euro,38648
Mean Annual Earnings,2014,Female,50 - 59 years,Euro,35650
Mean Annual Earnings,2014,Female,60 years and over,Euro,25684
Mean Annual Earnings,2015,Male,15 - 24 years,Euro,19133
Mean Annual Earnings,2015,Male,15 years and over,Euro,46604
Mean Annual Earnings,2015,Male,25 - 29 years,Euro,31800
Mean Annual Earnings,2015,Male,30 - 39 years,Euro,43831
Mean Annual Earnings,2015,Male,40 - 49 years,Euro,56109
Mean Annual Earnings,2015,Male,50 - 59 years,Euro,55337
Mean Annual Earnings,2015,Male,60 years and over,Euro,41524
Mean Annual Earnings,2015,Female,15 - 24 years,Euro,16739
Mean Annual Earnings,2015,Female,15 years and over,Euro,35012
Mean Annual Earnings,2015,Female,25 - 29 years,Euro,29038
Mean Annual Earnings,2015,Female,30 - 39 years,Euro,37400
Mean Annual Earnings,2015,Female,40 - 49 years,Euro,39597
Mean Annual Earnings,2015,Female,50 - 59 years,Euro,36407
Mean Annual Earnings,2015,Female,60 years and over,Euro,26654
Mean Annual Earnings,2016,Male,15 - 24 years,Euro,19867
Mean Annual Earnings,2016,Male,15 years and over,Euro,47108
Mean Annual Earnings,2016,Male,25 - 29 years,Euro,32760
Mean Annual Earnings,2016,Male,30 - 39 years,Euro,44569
Mean Annual Earnings,2016,Male,40 - 49 years,Euro,56236
Mean Annual Earnings,2016,Male,50 - 59 years,Euro,55636
Mean Annual Earnings,2016,Male,60 years and over,Euro,42091
Mean Annual Earnings,2016,Female,15 - 24 years,Euro,17332
Mean Annual Earnings,2016,Female,15 years and over,Euro,35329
Mean Annual Earnings,2016,Female,25 - 29 years,Euro,29592
Mean Annual Earnings,2016,Female,30 - 39 years,Euro,37539
Mean Annual Earnings,2016,Female,40 - 49 years,Euro,40123
Mean Annual Earnings,2016,Female,50 - 59 years,Euro,36676
Mean Annual Earnings,2016,Female,60 years and over,Euro,27240
Mean Annual Earnings,2017,Male,15 - 24 years,Euro,20554
Mean Annual Earnings,2017,Male,15 years and over,Euro,48214
Mean Annual Earnings,2017,Male,25 - 29 years,Euro,34157
Mean Annual Earnings,2017,Male,30 - 39 years,Euro,46019
Mean Annual Earnings,2017,Male,40 - 49 years,Euro,56989
Mean Annual Earnings,2017,Male,50 - 59 years,Euro,56515
Mean Annual Earnings,2017,Male,60 years and over,Euro,43039
Mean Annual Earnings,2017,Female,15 - 24 years,Euro,17800
Mean Annual Earnings,2017,Female,15 years and over,Euro,36288
Mean Annual Earnings,2017,Female,25 - 29 years,Euro,30902
Mean Annual Earnings,2017,Female,30 - 39 years,Euro,38509
Mean Annual Earnings,2017,Female,40 - 49 years,Euro,41159
Mean Annual Earnings,2017,Female,50 - 59 years,Euro,37629
Mean Annual Earnings,2017,Female,60 years and over,Euro,28144
Mean Annual Earnings,2018,Male,15 - 24 years,Euro,21409
Mean Annual Earnings,2018,Male,15 years and over,Euro,49931
Mean Annual Earnings,2018,Male,25 - 29 years,Euro,35834
Mean Annual Earnings,2018,Male,30 - 39 years,Euro,47824
Mean Annual Earnings,2018,Male,40 - 49 years,Euro,58563
Mean Annual Earnings,2018,Male,50 - 59 years,Euro,58357
Mean Annual Earnings,2018,Male,60 years and over,Euro,44343
Mean Annual Earnings,2018,Female,15 - 24 years,Euro,18507
Mean Annual Earnings,2018,Female,15 years and over,Euro,37520
Mean Annual Earnings,2018,Female,25 - 29 years,Euro,32320
Mean Annual Earnings,2018,Female,30 - 39 years,Euro,39732
Mean Annual Earnings,2018,Female,40 - 49 years,Euro,42551
Mean Annual Earnings,2018,Female,50 - 59 years,Euro,38921
Mean Annual Earnings,2018,Female,60 years and over,Euro,29223
Mean Annual Earnings,2019,Male,15 - 24 years,Euro,22363
Mean Annual Earnings,2019,Male,15 years and over,Euro,51630
Mean Annual Earnings,2019,Male,25 - 29 years,Euro,37451
Mean Annual Earnings,2019,Male,30 - 39 years,Euro,49579
Mean Annual Earnings,2019,Male,40 - 49 years,Euro,60242
Mean Annual Earnings,2019,Male,50 - 59 years,Euro,60235
Mean Annual Earnings,2019,Male,60 years and over,Euro,46034
Mean Annual Earnings,2019,Female,15 - 24 years,Euro,19216
Mean Annual Earnings,2019,Female,15 years and over,Euro,38862
Mean Annual Earnings,2019,Female,25 - 29 years,Euro,33627
Mean Annual Earnings,2019,Female,30 - 39 years,Euro,40978
Mean Annual Earnings,2019,Female,40 - 49 years,Euro,44073
Mean Annual Earnings,2019,Female,50 - 59 years,Euro,40636
Mean Annual Earnings,2019,Female,60 years and over,Euro,30516
Mean Annual Earnings,2020,Male,15 - 24 years,Euro,24629
Mean Annual Earnings,2020,Male,15 years and over,Euro,56171
Mean Annual Earnings,2020,Male,25 - 29 years,Euro,40670
Mean Annual Earnings,2020,Male,30 - 39 years,Euro,54121
Mean Annual Earnings,2020,Male,40 - 49 years,Euro,64724
Mean Annual Earnings,2020,Male,50 - 59 years,Euro,64662
Mean Annual Earnings,2020,Male,60 years and over,Euro,50443
Mean Annual Earnings,2020,Female,15 - 24 years,Euro,22133
Mean Annual Earnings,2020,Female,15 years and over,Euro,43693
Mean Annual Earnings,2020,Female,25 - 29 years,Euro,37720
Mean Annual Earnings,2020,Female,30 - 39 years,Euro,45889
Mean Annual Earnings,2020,Female,40 - 49 years,Euro,49055
Mean Annual Earnings,2020,Female,50 - 59 years,Euro,45057
Mean Annual Earnings,2020,Female,60 years and over,Euro,34943
Mean Annual Earnings,2021,Male,15 - 24 years,Euro,24971
Mean Annual Earnings,2021,Male,15 years and over,Euro,57348
Mean Annual Earnings,2021,Male,25 - 29 years,Euro,42370
Mean Annual Earnings,2021,Male,30 - 39 years,Euro,55941
Mean Annual Earnings,2021,Male,40 - 49 years,Euro,65647
Mean Annual Earnings,2021,Male,50 - 59 years,Euro,65283
Mean Annual Earnings,2021,Male,60 years and over,Euro,50005
Mean Annual Earnings,2021,Female,15 - 24 years,Euro,22207
Mean Annual Earnings,2021,Female,15 years and over,Euro,44433
Mean Annual Earnings,2021,Female,25 - 29 years,Euro,38810
Mean Annual Earnings,2021,Female,30 - 39 years,Euro,46848
Mean Annual Earnings,2021,Female,40 - 49 years,Euro,49806
Mean Annual Earnings,2021,Female,50 - 59 years,Euro,45794
Mean Annual Earnings,2021,Female,60 years and over,Euro,34958
Mean Annual Earnings,2022,Male,15 - 24 years,Euro,24643
Mean Annual Earnings,2022,Male,15 years and over,Euro,58612
Mean Annual Earnings,2022,Male,25 - 29 years,Euro,43491
Mean Annual Earnings,2022,Male,30 - 39 years,Euro,57733
Mean Annual Earnings,2022,Male,40 - 49 years,Euro,67175
Mean Annual Earnings,2022,Male,50 - 59 years,Euro,67392
Mean Annual Earnings,2022,Male,60 years and over,Euro,51044
Mean Annual Earnings,2022,Female,15 - 24 years,Euro,21441
Mean Annual Earnings,2022,Female,15 years and over,Euro,45151
Mean Annual Earnings,2022,Female,25 - 29 years,Euro,39551
Mean Annual Earnings,2022,Female,30 - 39 years,Euro,47979
Mean Annual Earnings,2022,Female,40 - 49 years,Euro,51089
Mean Annual Earnings,2022,Female,50 - 59 years,Euro,47102
Mean Annual Earnings,2022,Female,60 years and over,Euro,35304
Mean Annual Earnings,2023,Male,15 - 24 years,Euro,25372
Mean Annual Earnings,2023,Male,15 years and over,Euro,60816
Mean Annual Earnings,2023,Male,25 - 29 years,Euro,45316
Mean Annual Earnings,2023,Male,30 - 39 years,Euro,60648
Mean Annual Earnings,2023,Male,40 - 49 years,Euro,69793
Mean Annual Earnings,2023,Male,50 - 59 years,Euro,70036
Mean Annual Earnings,2023,Male,60 years and over,Euro,53437
Mean Annual Earnings,2023,Female,15 - 24 years,Euro,22081
Mean Annual Earnings,2023,Female,15 years and over,Euro,46915
Mean Annual Earnings,2023,Female,25 - 29 years,Euro,41032
Mean Annual Earnings,2023,Female,30 - 39 years,Euro,50254
Mean Annual Earnings,2023,Female,40 - 49 years,Euro,52978
Mean Annual Earnings,2023,Female,50 - 59 years,Euro,49535
Mean Annual Earnings,2023,Female,60 years and over,Euro,36869
Mean Annual Earnings,2024,Male,15 - 24 years,Euro,26281
Mean Annual Earnings,2024,Male,15 years and over,Euro,63520
Mean Annual Earnings,2024,Male,25 - 29 years,Euro,46310
Mean Annual Earnings,2024,Male,30 - 39 years,Euro,63590
Mean Annual Earnings,2024,Male,40 - 49 years,Euro,73034
Mean Annual Earnings,2024,Male,50 - 59 years,Euro,73312
Mean Annual Earnings,2024,Male,60 years and over,Euro,55985
Mean Annual Earnings,2024,Female,15 - 24 years,Euro,23041
Mean Annual Earnings,2024,Female,15 years and over,Euro,49022
Mean Annual Earnings,2024,Female,25 - 29 years,Euro,41769
Mean Annual Earnings,2024,Female,30 - 39 years,Euro,52548
Mean Annual Earnings,2024,Female,40 - 49 years,Euro,55666
Mean Annual Earnings,2024,Female,50 - 59 years,Euro,52240
Mean Annual Earnings,2024,Female,60 years and over,Euro,38669
Median Annual Earnings,2011,Male,15 - 24 years,Euro,17712
Median Annual Earnings,2011,Male,15 years and over,Euro,37492
Median Annual Earnings,2011,Male,25 - 29 years,Euro,28515
Median Annual Earnings,2011,Male,30 - 39 years,Euro,38552
Median Annual Earnings,2011,Male,40 - 49 years,Euro,44861
Median Annual Earnings,2011,Male,50 - 59 years,Euro,44386
Median Annual Earnings,2011,Male,60 years and over,Euro,32919
Median Annual Earnings,2011,Female,15 - 24 years,Euro,15859
Median Annual Earnings,2011,Female,15 years and over,Euro,29189
Median Annual Earnings,2011,Female,25 - 29 years,Euro,27397
Median Annual Earnings,2011,Female,30 - 39 years,Euro,34573
Median Annual Earnings,2011,Female,40 - 49 years,Euro,31041
Median Annual Earnings,2011,Female,50 - 59 years,Euro,29524
Median Annual Earnings,2011,Female,60 years and over,Euro,19719
Median Annual Earnings,2012,Male,15 - 24 years,Euro,17269
Median Annual Earnings,2012,Male,15 years and over,Euro,36860
Median Annual Earnings,2012,Male,25 - 29 years,Euro,27892
Median Annual Earnings,2012,Male,30 - 39 years,Euro,37460
Median Annual Earnings,2012,Male,40 - 49 years,Euro,44392
Median Annual Earnings,2012,Male,50 - 59 years,Euro,43680
Median Annual Earnings,2012,Male,60 years and over,Euro,31905
Median Annual Earnings,2012,Female,15 - 24 years,Euro,15121
Median Annual Earnings,2012,Female,15 years and over,Euro,29189
Median Annual Earnings,2012,Female,25 - 29 years,Euro,26720
Median Annual Earnings,2012,Female,30 - 39 years,Euro,34265
Median Annual Earnings,2012,Female,40 - 49 years,Euro,31526
Median Annual Earnings,2012,Female,50 - 59 years,Euro,29688
Median Annual Earnings,2012,Female,60 years and over,Euro,19350
Median Annual Earnings,2013,Male,15 - 24 years,Euro,17239
Median Annual Earnings,2013,Male,15 years and over,Euro,36907
Median Annual Earnings,2013,Male,25 - 29 years,Euro,27771
Median Annual Earnings,2013,Male,30 - 39 years,Euro,37101
Median Annual Earnings,2013,Male,40 - 49 years,Euro,44517
Median Annual Earnings,2013,Male,50 - 59 years,Euro,44120
Median Annual Earnings,2013,Male,60 years and over,Euro,32462
Median Annual Earnings,2013,Female,15 - 24 years,Euro,14842
Median Annual Earnings,2013,Female,15 years and over,Euro,29526
Median Annual Earnings,2013,Female,25 - 29 years,Euro,26337
Median Annual Earnings,2013,Female,30 - 39 years,Euro,34154
Median Annual Earnings,2013,Female,40 - 49 years,Euro,32163
Median Annual Earnings,2013,Female,50 - 59 years,Euro,30021
Median Annual Earnings,2013,Female,60 years and over,Euro,19959
Median Annual Earnings,2014,Male,15 - 24 years,Euro,17648
Median Annual Earnings,2014,Male,15 years and over,Euro,36999
Median Annual Earnings,2014,Male,25 - 29 years,Euro,28137
Median Annual Earnings,2014,Male,30 - 39 years,Euro,36977
Median Annual Earnings,2014,Male,40 - 49 years,Euro,44601
Median Annual Earnings,2014,Male,50 - 59 years,Euro,44131
Median Annual Earnings,2014,Male,60 years and over,Euro,33094
Median Annual Earnings,2014,Female,15 - 24 years,Euro,15128
Median Annual Earnings,2014,Female,15 years and over,Euro,29857
Median Annual Earnings,2014,Female,25 - 29 years,Euro,26414
Median Annual Earnings,2014,Female,30 - 39 years,Euro,34031
Median Annual Earnings,2014,Female,40 - 49 years,Euro,32838
Median Annual Earnings,2014,Female,50 - 59 years,Euro,30576
Median Annual Earnings,2014,Female,60 years and over,Euro,20700
Median Annual Earnings,2015,Male,15 - 24 years,Euro,18178
Median Annual Earnings,2015,Male,15 years and over,Euro,37038
Median Annual Earnings,2015,Male,25 - 29 years,Euro,28632
Median Annual Earnings,2015,Male,30 - 39 years,Euro,37010
Median Annual Earnings,2015,Male,40 - 49 years,Euro,44436
Median Annual Earnings,2015,Male,50 - 59 years,Euro,43977
Median Annual Earnings,2015,Male,60 years and over,Euro,33438
Median Annual Earnings,2015,Female,15 - 24 years,Euro,15666
Median Annual Earnings,2015,Female,15 years and over,Euro,30272
Median Annual Earnings,2015,Female,25 - 29 years,Euro,26850
Median Annual Earnings,2015,Female,30 - 39 years,Euro,34170
Median Annual Earnings,2015,Female,40 - 49 years,Euro,33591
Median Annual Earnings,2015,Female,50 - 59 years,Euro,31149
Median Annual Earnings,2015,Female,60 years and over,Euro,21632
Median Annual Earnings,2016,Male,15 - 24 years,Euro,18916
Median Annual Earnings,2016,Male,15 years and over,Euro,37328
Median Annual Earnings,2016,Male,25 - 29 years,Euro,29640
Median Annual Earnings,2016,Male,30 - 39 years,Euro,37456
Median Annual Earnings,2016,Male,40 - 49 years,Euro,44394
Median Annual Earnings,2016,Male,50 - 59 years,Euro,43825
Median Annual Earnings,2016,Male,60 years and over,Euro,33873
Median Annual Earnings,2016,Female,15 - 24 years,Euro,16345
Median Annual Earnings,2016,Female,15 years and over,Euro,30507
Median Annual Earnings,2016,Female,25 - 29 years,Euro,27687
Median Annual Earnings,2016,Female,30 - 39 years,Euro,34028
Median Annual Earnings,2016,Female,40 - 49 years,Euro,33960
Median Annual Earnings,2016,Female,50 - 59 years,Euro,31270
Median Annual Earnings,2016,Female,60 years and over,Euro,22359
Median Annual Earnings,2017,Male,15 - 24 years,Euro,19354
Median Annual Earnings,2017,Male,15 years and over,Euro,37960
Median Annual Earnings,2017,Male,25 - 29 years,Euro,30698
Median Annual Earnings,2017,Male,30 - 39 years,Euro,38319
Median Annual Earnings,2017,Male,40 - 49 years,Euro,44730
Median Annual Earnings,2017,Male,50 - 59 years,Euro,44078
Median Annual Earnings,2017,Male,60 years and over,Euro,34389
Median Annual Earnings,2017,Female,15 - 24 years,Euro,16575
Median Annual Earnings,2017,Female,15 years and over,Euro,31153
Median Annual Earnings,2017,Female,25 - 29 years,Euro,28777
Median Annual Earnings,2017,Female,30 - 39 years,Euro,34595
Median Annual Earnings,2017,Female,40 - 49 years,Euro,34750
Median Annual Earnings,2017,Female,50 - 59 years,Euro,31916
Median Annual Earnings,2017,Female,60 years and over,Euro,22982
Median Annual Earnings,2018,Male,15 - 24 years,Euro,20060
Median Annual Earnings,2018,Male,15 years and over,Euro,39279
Median Annual Earnings,2018,Male,25 - 29 years,Euro,32116
Median Annual Earnings,2018,Male,30 - 39 years,Euro,39799
Median Annual Earnings,2018,Male,40 - 49 years,Euro,45910
Median Annual Earnings,2018,Male,50 - 59 years,Euro,45057
Median Annual Earnings,2018,Male,60 years and over,Euro,35136
Median Annual Earnings,2018,Female,15 - 24 years,Euro,17128
Median Annual Earnings,2018,Female,15 years and over,Euro,32014
Median Annual Earnings,2018,Female,25 - 29 years,Euro,30192
Median Annual Earnings,2018,Female,30 - 39 years,Euro,35526
Median Annual Earnings,2018,Female,40 - 49 years,Euro,35722
Median Annual Earnings,2018,Female,50 - 59 years,Euro,32760
Median Annual Earnings,2018,Female,60 years and over,Euro,24000
Median Annual Earnings,2019,Male,15 - 24 years,Euro,21078
Median Annual Earnings,2019,Male,15 years and over,Euro,40517
Median Annual Earnings,2019,Male,25 - 29 years,Euro,33716
Median Annual Earnings,2019,Male,30 - 39 years,Euro,41354
Median Annual Earnings,2019,Male,40 - 49 years,Euro,47222
Median Annual Earnings,2019,Male,50 - 59 years,Euro,46039
Median Annual Earnings,2019,Male,60 years and over,Euro,36285
Median Annual Earnings,2019,Female,15 - 24 years,Euro,17857
Median Annual Earnings,2019,Female,15 years and over,Euro,33056
Median Annual Earnings,2019,Female,25 - 29 years,Euro,31664
Median Annual Earnings,2019,Female,30 - 39 years,Euro,36725
Median Annual Earnings,2019,Female,40 - 49 years,Euro,36914
Median Annual Earnings,2019,Female,50 - 59 years,Euro,33793
Median Annual Earnings,2019,Female,60 years and over,Euro,25186
Median Annual Earnings,2020,Male,15 - 24 years,Euro,23300
Median Annual Earnings,2020,Male,15 years and over,Euro,44105
Median Annual Earnings,2020,Male,25 - 29 years,Euro,36160
Median Annual Earnings,2020,Male,30 - 39 years,Euro,45018
Median Annual Earnings,2020,Male,40 - 49 years,Euro,51233
Median Annual Earnings,2020,Male,50 - 59 years,Euro,49310
Median Annual Earnings,2020,Male,60 years and over,Euro,39805
Median Annual Earnings,2020,Female,15 - 24 years,Euro,20665
Median Annual Earnings,2020,Female,15 years and over,Euro,37462
Median Annual Earnings,2020,Female,25 - 29 years,Euro,35221
Median Annual Earnings,2020,Female,30 - 39 years,Euro,41081
Median Annual Earnings,2020,Female,40 - 49 years,Euro,41084
Median Annual Earnings,2020,Female,50 - 59 years,Euro,37651
Median Annual Earnings,2020,Female,60 years and over,Euro,29875
Median Annual Earnings,2021,Male,15 - 24 years,Euro,23532
Median Annual Earnings,2021,Male,15 years and over,Euro,44892
Median Annual Earnings,2021,Male,25 - 29 years,Euro,37756
Median Annual Earnings,2021,Male,30 - 39 years,Euro,46036
Median Annual Earnings,2021,Male,40 - 49 years,Euro,51596
Median Annual Earnings,2021,Male,50 - 59 years,Euro,49582
Median Annual Earnings,2021,Male,60 years and over,Euro,39414
Median Annual Earnings,2021,Female,15 - 24 years,Euro,20657
Median Annual Earnings,2021,Female,15 years and over,Euro,37894
Median Annual Earnings,2021,Female,25 - 29 years,Euro,36317
Median Annual Earnings,2021,Female,30 - 39 years,Euro,41529
Median Annual Earnings,2021,Female,40 - 49 years,Euro,41512
Median Annual Earnings,2021,Female,50 - 59 years,Euro,38049
Median Annual Earnings,2021,Female,60 years and over,Euro,29954
Median Annual Earnings,2022,Male,15 - 24 years,Euro,22845
Median Annual Earnings,2022,Male,15 years and over,Euro,45537
Median Annual Earnings,2022,Male,25 - 29 years,Euro,38620
Median Annual Earnings,2022,Male,30 - 39 years,Euro,47603
Median Annual Earnings,2022,Male,40 - 49 years,Euro,52362
Median Annual Earnings,2022,Male,50 - 59 years,Euro,50286
Median Annual Earnings,2022,Male,60 years and over,Euro,39813
Median Annual Earnings,2022,Female,15 - 24 years,Euro,19737
Median Annual Earnings,2022,Female,15 years and over,Euro,37782
Median Annual Earnings,2022,Female,25 - 29 years,Euro,36747
Median Annual Earnings,2022,Female,30 - 39 years,Euro,42350
Median Annual Earnings,2022,Female,40 - 49 years,Euro,42297
Median Annual Earnings,2022,Female,50 - 59 years,Euro,38351
Median Annual Earnings,2022,Female,60 years and over,Euro,29459
Median Annual Earnings,2023,Male,15 - 24 years,Euro,23658
Median Annual Earnings,2023,Male,15 years and over,Euro,47187
Median Annual Earnings,2023,Male,25 - 29 years,Euro,39852
Median Annual Earnings,2023,Male,30 - 39 years,Euro,49908
Median Annual Earnings,2023,Male,40 - 49 years,Euro,54464
Median Annual Earnings,2023,Male,50 - 59 years,Euro,52300
Median Annual Earnings,2023,Male,60 years and over,Euro,41252
Median Annual Earnings,2023,Female,15 - 24 years,Euro,20382
Median Annual Earnings,2023,Female,15 years and over,Euro,39039
Median Annual Earnings,2023,Female,25 - 29 years,Euro,37771
Median Annual Earnings,2023,Female,30 - 39 years,Euro,44133
Median Annual Earnings,2023,Female,40 - 49 years,Euro,43792
Median Annual Earnings,2023,Female,50 - 59 years,Euro,40075
Median Annual Earnings,2023,Female,60 years and over,Euro,30645
Median Annual Earnings,2024,Male,15 - 24 years,Euro,25313
Median Annual Earnings,2024,Male,15 years and over,Euro,48897
Median Annual Earnings,2024,Male,25 - 29 years,Euro,40739
Median Annual Earnings,2024,Male,30 - 39 years,Euro,51818
Median Annual Earnings,2024,Male,40 - 49 years,Euro,56446
Median Annual Earnings,2024,Male,50 - 59 years,Euro,54633
Median Annual Earnings,2024,Male,60 years and over,Euro,42726
Median Annual Earnings,2024,Female,15 - 24 years,Euro,21502
Median Annual Earnings,2024,Female,15 years and over,Euro,40424
Median Annual Earnings,2024,Female,25 - 29 years,Euro,38441
Median Annual Earnings,2024,Female,30 - 39 years,Euro,45911
Median Annual Earnings,2024,Female,40 - 49 years,Euro,45551
Median Annual Earnings,2024,Female,50 - 59 years,Euro,42003
Median Annual Earnings,2024,Female,60 years and over,Euro,31895
Percentage of Employments,2011,Male,15 - 24 years,%,44.8
Percentage of Employments,2011,Male,15 years and over,%,48.5
Percentage of Employments,2011,Male,25 - 29 years,%,45.9
Percentage of Employments,2011,Male,30 - 39 years,%,50.1
Percentage of Employments,2011,Male,40 - 49 years,%,49.6
Percentage of Employments,2011,Male,50 - 59 years,%,47.6
Percentage of Employments,2011,Male,60 years and over,%,49.8
Percentage of Employments,2011,Female,15 - 24 years,%,55.2
Percentage of Employments,2011,Female,15 years and over,%,51.3
Percentage of Employments,2011,Female,25 - 29 years,%,54.1
Percentage of Employments,2011,Female,30 - 39 years,%,49.9
Percentage of Employments,2011,Female,40 - 49 years,%,50.4
Percentage of Employments,2011,Female,50 - 59 years,%,52.4
Percentage of Employments,2011,Female,60 years and over,%,50.2
Percentage of Employments,2012,Male,15 - 24 years,%,46.5
Percentage of Employments,2012,Male,15 years and over,%,48.7
Percentage of Employments,2012,Male,25 - 29 years,%,46.4
Percentage of Employments,2012,Male,30 - 39 years,%,50
Percentage of Employments,2012,Male,40 - 49 years,%,49.7
Percentage of Employments,2012,Male,50 - 59 years,%,47.4
Percentage of Employments,2012,Male,60 years and over,%,49.6
Percentage of Employments,2012,Female,15 - 24 years,%,53.5
Percentage of Employments,2012,Female,15 years and over,%,51.1
Percentage of Employments,2012,Female,25 - 29 years,%,53.6
Percentage of Employments,2012,Female,30 - 39 years,%,50
Percentage of Employments,2012,Female,40 - 49 years,%,50.3
Percentage of Employments,2012,Female,50 - 59 years,%,52.6
Percentage of Employments,2012,Female,60 years and over,%,50.4
Percentage of Employments,2013,Male,15 - 24 years,%,48.2
Percentage of Employments,2013,Male,15 years and over,%,49
Percentage of Employments,2013,Male,25 - 29 years,%,47.3
Percentage of Employments,2013,Male,30 - 39 years,%,50.2
Percentage of Employments,2013,Male,40 - 49 years,%,50
Percentage of Employments,2013,Male,50 - 59 years,%,47.7
Percentage of Employments,2013,Male,60 years and over,%,49.7
Percentage of Employments,2013,Female,15 - 24 years,%,51.8
Percentage of Employments,2013,Female,15 years and over,%,50.6
Percentage of Employments,2013,Female,25 - 29 years,%,52.7
Percentage of Employments,2013,Female,30 - 39 years,%,49.8
Percentage of Employments,2013,Female,40 - 49 years,%,50
Percentage of Employments,2013,Female,50 - 59 years,%,52.3
Percentage of Employments,2013,Female,60 years and over,%,50.3
Percentage of Employments,2014,Male,15 - 24 years,%,49
Percentage of Employments,2014,Male,15 years and over,%,49.5
Percentage of Employments,2014,Male,25 - 29 years,%,48.5
Percentage of Employments,2014,Male,30 - 39 years,%,50.8
Percentage of Employments,2014,Male,40 - 49 years,%,50.3
Percentage of Employments,2014,Male,50 - 59 years,%,47.8
Percentage of Employments,2014,Male,60 years and over,%,49.9
Percentage of Employments,2014,Female,15 - 24 years,%,51
Percentage of Employments,2014,Female,15 years and over,%,50
Percentage of Employments,2014,Female,25 - 29 years,%,51.5
Percentage of Employments,2014,Female,30 - 39 years,%,49.2
Percentage of Employments,2014,Female,40 - 49 years,%,49.7
Percentage of Employments,2014,Female,50 - 59 years,%,52.2
Percentage of Employments,2014,Female,60 years and over,%,50.1
Percentage of Employments,2015,Male,15 - 24 years,%,49.4
Percentage of Employments,2015,Male,15 years and over,%,49.9
Percentage of Employments,2015,Male,25 - 29 years,%,49.6
Percentage of Employments,2015,Male,30 - 39 years,%,51.1
Percentage of Employments,2015,Male,40 - 49 years,%,50.7
Percentage of Employments,2015,Male,50 - 59 years,%,48
Percentage of Employments,2015,Male,60 years and over,%,49.7
Percentage of Employments,2015,Female,15 - 24 years,%,50.6
Percentage of Employments,2015,Female,15 years and over,%,49.8
Percentage of Employments,2015,Female,25 - 29 years,%,50.4
Percentage of Employments,2015,Female,30 - 39 years,%,48.9
Percentage of Employments,2015,Female,40 - 49 years,%,49.3
Percentage of Employments,2015,Female,50 - 59 years,%,52
Percentage of Employments,2015,Female,60 years and over,%,50.3
Percentage of Employments,2016,Male,15 - 24 years,%,49.5
Percentage of Employments,2016,Male,15 years and over,%,50.3
Percentage of Employments,2016,Male,25 - 29 years,%,50.5
Percentage of Employments,2016,Male,30 - 39 years,%,51.4
Percentage of Employments,2016,Male,40 - 49 years,%,51
Percentage of Employments,2016,Male,50 - 59 years,%,48.4
Percentage of Employments,2016,Male,60 years and over,%,49.9
Percentage of Employments,2016,Female,15 - 24 years,%,50.5
Percentage of Employments,2016,Female,15 years and over,%,49.4
Percentage of Employments,2016,Female,25 - 29 years,%,49.5
Percentage of Employments,2016,Female,30 - 39 years,%,48.6
Percentage of Employments,2016,Female,40 - 49 years,%,49
Percentage of Employments,2016,Female,50 - 59 years,%,51.6
Percentage of Employments,2016,Female,60 years and over,%,50.1
Percentage of Employments,2017,Male,15 - 24 years,%,49.7
Percentage of Employments,2017,Male,15 years and over,%,50.6
Percentage of Employments,2017,Male,25 - 29 years,%,51.2
Percentage of Employments,2017,Male,30 - 39 years,%,51.8
Percentage of Employments,2017,Male,40 - 49 years,%,51.2
Percentage of Employments,2017,Male,50 - 59 years,%,48.7
Percentage of Employments,2017,Male,60 years and over,%,50.1
Percentage of Employments,2017,Female,15 - 24 years,%,50.3
Percentage of Employments,2017,Female,15 years and over,%,49.2
Percentage of Employments,2017,Female,25 - 29 years,%,48.8
Percentage of Employments,2017,Female,30 - 39 years,%,48.2
Percentage of Employments,2017,Female,40 - 49 years,%,48.8
Percentage of Employments,2017,Female,50 - 59 years,%,51.3
Percentage of Employments,2017,Female,60 years and over,%,49.9
Percentage of Employments,2018,Male,15 - 24 years,%,49.7
Percentage of Employments,2018,Male,15 years and over,%,50.8
Percentage of Employments,2018,Male,25 - 29 years,%,51.5
Percentage of Employments,2018,Male,30 - 39 years,%,52
Percentage of Employments,2018,Male,40 - 49 years,%,51.2
Percentage of Employments,2018,Male,50 - 59 years,%,49.1
Percentage of Employments,2018,Male,60 years and over,%,50.5
Percentage of Employments,2018,Female,15 - 24 years,%,50.3
Percentage of Employments,2018,Female,15 years and over,%,49.1
Percentage of Employments,2018,Female,25 - 29 years,%,48.5
Percentage of Employments,2018,Female,30 - 39 years,%,48
Percentage of Employments,2018,Female,40 - 49 years,%,48.8
Percentage of Employments,2018,Female,50 - 59 years,%,50.9
Percentage of Employments,2018,Female,60 years and over,%,49.5
Percentage of Employments,2019,Male,15 - 24 years,%,49.9
Percentage of Employments,2019,Male,15 years and over,%,51
Percentage of Employments,2019,Male,25 - 29 years,%,51.6
Percentage of Employments,2019,Male,30 - 39 years,%,52.3
Percentage of Employments,2019,Male,40 - 49 years,%,51.2
Percentage of Employments,2019,Male,50 - 59 years,%,49.4
Percentage of Employments,2019,Male,60 years and over,%,50.5
Percentage of Employments,2019,Female,15 - 24 years,%,50.1
Percentage of Employments,2019,Female,15 years and over,%,48.9
Percentage of Employments,2019,Female,25 - 29 years,%,48.4
Percentage of Employments,2019,Female,30 - 39 years,%,47.7
Percentage of Employments,2019,Female,40 - 49 years,%,48.8
Percentage of Employments,2019,Female,50 - 59 years,%,50.6
Percentage of Employments,2019,Female,60 years and over,%,49.5
Percentage of Employments,2020,Male,15 - 24 years,%,51.3
Percentage of Employments,2020,Male,15 years and over,%,51.2
Percentage of Employments,2020,Male,25 - 29 years,%,51.3
Percentage of Employments,2020,Male,30 - 39 years,%,52.3
Percentage of Employments,2020,Male,40 - 49 years,%,51.1
Percentage of Employments,2020,Male,50 - 59 years,%,49.6
Percentage of Employments,2020,Male,60 years and over,%,51.3
Percentage of Employments,2020,Female,15 - 24 years,%,48.7
Percentage of Employments,2020,Female,15 years and over,%,48.8
Percentage of Employments,2020,Female,25 - 29 years,%,48.7
Percentage of Employments,2020,Female,30 - 39 years,%,47.7
Percentage of Employments,2020,Female,40 - 49 years,%,48.9
Percentage of Employments,2020,Female,50 - 59 years,%,50.4
Percentage of Employments,2020,Female,60 years and over,%,48.7
Percentage of Employments,2021,Male,15 - 24 years,%,52
Percentage of Employments,2021,Male,15 years and over,%,51.4
Percentage of Employments,2021,Male,25 - 29 years,%,51.4
Percentage of Employments,2021,Male,30 - 39 years,%,52.6
Percentage of Employments,2021,Male,40 - 49 years,%,51.1
Percentage of Employments,2021,Male,50 - 59 years,%,50.1
Percentage of Employments,2021,Male,60 years and over,%,51.5
Percentage of Employments,2021,Female,15 - 24 years,%,48
Percentage of Employments,2021,Female,15 years and over,%,48.6
Percentage of Employments,2021,Female,25 - 29 years,%,48.6
Percentage of Employments,2021,Female,30 - 39 years,%,47.4
Percentage of Employments,2021,Female,40 - 49 years,%,48.9
Percentage of Employments,2021,Female,50 - 59 years,%,49.9
Percentage of Employments,2021,Female,60 years and over,%,48.5
Percentage of Employments,2022,Male,15 - 24 years,%,50.6
Percentage of Employments,2022,Male,15 years and over,%,51.3
Percentage of Employments,2022,Male,25 - 29 years,%,51.7
Percentage of Employments,2022,Male,30 - 39 years,%,52.6
Percentage of Employments,2022,Male,40 - 49 years,%,50.9
Percentage of Employments,2022,Male,50 - 59 years,%,50.2
Percentage of Employments,2022,Male,60 years and over,%,51.8
Percentage of Employments,2022,Female,15 - 24 years,%,49.4
Percentage of Employments,2022,Female,15 years and over,%,48.7
Percentage of Employments,2022,Female,25 - 29 years,%,48.3
Percentage of Employments,2022,Female,30 - 39 years,%,47.4
Percentage of Employments,2022,Female,40 - 49 years,%,49.1
Percentage of Employments,2022,Female,50 - 59 years,%,49.8
Percentage of Employments,2022,Female,60 years and over,%,48.2
Percentage of Employments,2023,Male,15 - 24 years,%,49.7
Percentage of Employments,2023,Male,15 years and over,%,50.9
Percentage of Employments,2023,Male,25 - 29 years,%,51.8
Percentage of Employments,2023,Male,30 - 39 years,%,52.3
Percentage of Employments,2023,Male,40 - 49 years,%,50.3
Percentage of Employments,2023,Male,50 - 59 years,%,50
Percentage of Employments,2023,Male,60 years and over,%,51.7
Percentage of Employments,2023,Female,15 - 24 years,%,50.3
Percentage of Employments,2023,Female,15 years and over,%,49.1
Percentage of Employments,2023,Female,25 - 29 years,%,48.2
Percentage of Employments,2023,Female,30 - 39 years,%,47.7
Percentage of Employments,2023,Female,40 - 49 years,%,49.7
Percentage of Employments,2023,Female,50 - 59 years,%,50
Percentage of Employments,2023,Female,60 years and over,%,48.3
Percentage of Employments,2024,Male,15 - 24 years,%,48.9
Percentage of Employments,2024,Male,15 years and over,%,50.6
Percentage of Employments,2024,Male,25 - 29 years,%,51.5
Percentage of Employments,2024,Male,30 - 39 years,%,52.1
Percentage of Employments,2024,Male,40 - 49 years,%,49.9
Percentage of Employments,2024,Male,50 - 59 years,%,49.7
Percentage of Employments,2024,Male,60 years and over,%,51.2
Percentage of Employments,2024,Female,15 - 24 years,%,51.1
Percentage of Employments,2024,Female,15 years and over,%,49.4
Percentage of Employments,2024,Female,25 - 29 years,%,48.5
Percentage of Employments,2024,Female,30 - 39 years,%,47.9
Percentage of Employments,2024,Female,40 - 49 years,%,50.1
Percentage of Employments,2024,Female,50 - 59 years,%,50.3
Percentage of Employments,2024,Female,60 years and over,%,48.8